1,food1,,白飯.jpg,白飯,140,196,0,0.42,4.34,57.4,56,2.8,1.4,54.6,9.8,0.28,0.98
2,food2,,雞丁腰果.jpg,雞丁腰果,110,283.5,39.2,19.51,22.38,5.6,385.4,48.4,8.4,280.2,66.4,1.5,1.52
3,food3,,黃帝豆.jpg,黃帝豆,80,113.4,0,0.32,6.96,14.64,544,6.4,15.2,112,56.8,11.28,0.88
4,food3,,青江菜.jpg,青江菜,50,8,0,0.15,0.85,1.1,140,18.5,40,14,8.5,0.85,0.25
5,food2,,滷豆腐.jpg,傳統豆腐,105,92.4,0,3.57,8.925,6.3,189,2.1,147,116.55,34.65,2.1,0.84
6,food2,,苦瓜排骨湯.jpg,苦瓜排骨湯,30,42.9,6.6,3.71,1.61,0.74,55.1,5.8,4.9,21,4.2,0.12,0.54
7,food6,,杏仁奶酪.jpg,鮮乳酪,120,115.2,0,4.8,3.36,15.36,164.4,70.8,36,58.8,10.8,0,0.12
8,food7,飲料,柳橙汁.jpg,柳橙汁,320,160,0,0.32,0.32,39.36,67.2,70.4,9.6,12.8,9.6,0.32,0
9,food7,飲料,洛神花茶.jpg,洛神花茶,320,211.2,0,0,0,52.8,38.4,38.4,12.8,76.8,6.4,0.32,0.32
10,food7,套餐,宮保雞丁套餐.jpg,宮保雞丁套餐,527,789.25,45.8,38.46,44.605,80.925,1264.2,1718.2,210.1,494.65,137.9,15.765,3.56
11,food7,套餐,三杯雞套餐.jpg,三杯雞套餐,156,339.5,104,23.955,24.31,5.975,306,807.75,3.05,189.1,25.45,0.755,2.23
12,food7,套餐,焗烤海鮮.jpg,焗烤海鮮,420,692.9,363.5,35.605,58.475,36.67,991.7,866.5,618.15,924.8,159.15,3.35,6.935
13,food2,,煎虱目魚.jpg,煎虱目魚,185,438.3,66.5,30.815,267.05,0,372.75,168,28,427,63,1.225,1.575
14,food7,套餐,蘑菇焗烤鱈魚.jpg,蘑菇焗烤鱈魚,330,572.7,106.65,52.125,42.305,12.46,846.6,1703.41,475.05,730.25,76.5,2.4,3.045
15,food2,,糖醋黃魚.jpg,糖醋黃魚,170,404.9,87.92,32.63,27.16,,443.8,106.96,8.4,375.2,42,1.4,0.56
16,food2,,藍帶豬排.jpg,藍帶豬排,230,595.85,112.5,38.555,43.3,17.62,616.45,1074.5,250.85,336.2,53,2.145,3.935
17,food2,,三杯雞.jpg,三杯雞,110,231,,6.9,18.4,0.2,217,118,2,142,18,0.5,1.7
18,food2,,胡瓜炒麵筋.jpg,胡瓜炒麵筋,105,186.2,,10.48,9.6,2.72,73,7.6,18.2,16,10.4,0.6,0.52
19,food2,,小黃瓜炒玉米筍.jpg,小黃瓜炒玉米筍,105,66,,0.25,1.6,3.9,180,4,22,43.5,20,2.1,0.35
20,food2,,木耳炒鳳梨.jpg,木耳炒鳳梨,105,88.8,,0.22,0.9,10.82,40,6.4,21,9.8,14.2,0.38,0.42
21,food2,,玉米粒炒蛋.jpg,玉米粒炒蛋,105,162.5,,5.25,7.1,10.05,156.5,183,16,121,13,1.15,0.8
22,food2,,白菜滷.jpg,白菜滷,100,24.8,,0.56,2.93,2.27,188.7,20.6,36.4,48.6,11.8,0.55,0.69
23,food2,,甜不辣炒玉米筍.jpg,甜不辣炒玉米筍,105,101.4,,1.08,4.08,8.46,171.2,138.4,14.6,66.8,23,3.26,0.44
24,food6,,鮮乳(低脂).jpg,鮮乳(低脂),200,92,,3.4,6.4,8.8,318,104,214,184,40,0.2,0.8
25,food2,,豆干西洋芹炒素腰花.jpg,豆干西洋芹炒素腰花,125,89.7,,2.04,4.06,2.7,165.2,139,72.6,69.2,18.4,1.25,0.54
26,food2,,豆豉苦瓜.jpg,豆豉苦瓜,110,76.3,,0.83,1.9,4.525,203,266.65,31.2,54.85,19.9,0.585,0.34
27,food7,零食點心,沙其馬.jpg,沙其馬,40,200.9,,,,25.42,36.7,0.7,4.2,11.3,6.9,--,0.13
28,food2,,豆瓣豆腐.jpg,豆瓣豆腐,115,186.85,,3.805,9.21,6.61,214.45,254.1,140.95,122.55,37.6,2.155,0.865
29,food2,,豆瓣茄子.jpg,豆瓣茄子,115,123.85,,0.805,2.01,5.31,234.45,256.1,18.95,39.55,18.6,0.555,0.265
30,food2,,炸豬排.jpg,炸豬排,100,258.3,,9.18,19.98,----,323.1,31.5,0.9,34.2,20.7,0.54,1.53
31,food3,,炒大白菜.jpg,炒大白菜,105,57,,0.2,1.1,1.8,186,15,41,35,10,0.4,0.4
32,food3,,炒小白菜.jpg,炒小白菜,105,58,,0.3,1,2.1,240,40,106,37,15,1.4,0.3
33,food2,,炒干絲.jpg,炒干絲,105,214,,8.6,18.3,4.8,45,549,287,277,41,6.2,2.4
34,food3,,炒冬瓜菜.jpg,炒冬瓜菜,105,58,,0.2,0.5,2.6,120,5,6,25,8,0.2,0.1
35,food3,,炒玉米粒.jpg,炒玉米粒,110,183,,0.6,2.1,19.8,190,231,2,57,15,0.5,0.4
36,food3,,炒豆芽菜.jpg,炒豆芽菜,105,82.1,,0.68,6.5,3.75,78.5,13.3,29.1,61.9,19.6,0.76,0.48
37,food3,,炒空心菜.jpg,炒空心菜,105,69,,0.4,1.4,4.3,440,52,78,37,21,1.5,0.7
38,food3,,炒青椒.jpg,炒青椒,105,71.3,,0.23,0.83,5.73,146,17.8,12.9,28.6,11.5,0.4,0.21
39,food3,,炒南瓜.jpg,炒南瓜,105,109,,0.2,2.4,14.2,320,1,9,42,14,0.4,0.4
40,food3,,炒高麗菜.jpg,炒高麗菜,105,68,,0.3,1.2,4.4,150,17,52,28,11,0.3,0.2
41,food3,,炒海帶絲.jpg,炒海帶絲,105,61,,0.2,0.7,3.3,11,606,87,8,14,0.2,0.1
42,food3,,炒菠菜.jpg,炒菠菜,105,67,,0.5,2.1,3,460,54,77,45,58,2.1,0.6
43,food3,,炒鵝菜心.jpg,炒鵝菜心,105,61,,0.2,1,3.1,310,22,16,18,16,0.3,0.2
44,food3,,空心菜與魚板.jpg,空心菜與魚板,105,82.4,,0.36,2.98,6.08,361.6,220.4,65,47.2,19.4,1.22,0.6
45,food2,,洋菜炒蛋.jpg,洋菜炒蛋,105,106.2,,2.3,3.22,7.26,144.6,27,26,61,11,0.6,0.4
46,food2,,炸金線魚.jpg,炸金線魚,115,331,,12.6,19.3,-,398,70,267,43,290,1.3,1.1
47,food2,,炸豬排.jpg,炸豬排,115,349,,14.7,19.1,-,318,55,28,204,19,1.2,2.5
48,food2,,炸雞排.jpg,炸雞排,115,237,,0.4,23,-,324,57,1,215,28,0.3,0.5
49,food2,,炸鱈魚.jpg,炸鱈魚,115,238,,0.1,23.9,0,441,41,3,331,42,2.4,0.5
50,food2,,炒甜椒肉片.jpg,炒甜椒肉片,105,86.2,,1.2,2.94,0,152.9,13.4,10,27.2,12.2,0.42,0.35
51,food2,,炒素魷魚.jpg,炒素魷魚,15,48.8,,0.05,0.11,,29,7.9,3,5.2,1.6,0.04,0.03
52,food2,,胡蘿蔔炒蛋.jpg,胡蘿蔔炒蛋,105,103.8,,2.38,3.3,6.3,256.6,90.2,30,78.6,15,0.68,0.48
53,food2,,茄汁炒蛋.jpg,茄汁炒蛋,120,243.3,,9.91,12.26,2.97,162.2,246.6,31.1,189.9,13.1,1.88,1.22
54,food3,,茄汁高麗菜.jpg,茄汁高麗菜,115,79.3,,0.31,1.36,7.07,189.2,128.6,53.1,32.9,13.1,0.38,0.22
55,food2,,蕃茄炒豆包.jpg,蕃茄炒豆包,105,150,,7.52,4.96,5.3,171.4,13.8,72,90.4,19.8,0.98,0.54
56,food3,,炒菜豆.jpg,炒菜豆,105,75,,0.1,2.2,6.1,160,3,27,42,29,0.8,0.6
57,food2,,韭菜炒蟹肉絲.jpg,韭菜炒蟹肉絲,105,90.4,,0.3,3.46,7.96,173.8,144.4,34.8,85,13.8,0.42,0.3
58,food3,,香菇炒大白菜.jpg,香菇炒大白菜,105,59.8,,0.22,1.33,2.32,195.4,13.7,37.2,40.1,10.7,0.42,0.47
59,food3,,高麗菜炒豆皮.jpg,高麗菜炒豆皮,105,85.5,,1.15,3.61,4.41,173.2,17.6,53,64.3,19.5,0.74,0.4
60,food2,,蕃茄炒蛋.jpg,蕃茄炒蛋,110,139.2,,2.14,3.14,4.46,192.6,34.2,14,53,11.8,0.6,0.4
61,food3,,蝦皮炒扁蒲.jpg,蝦皮炒扁蒲,105,69.95,,0.16,2.06,4.125,108.9,216.5,86.15,52.5,22.7,0.505,0.275
62,food2,,菠菜炒肉絲.jpg,菠菜炒肉絲,105,83.5,,1.47,4.11,-,449.9,52.1,69.4,44.3,54.5,1.95,0.71
63,food2,,烤香腸.jpg,蒜味香腸,100,431,,33.6,16.5,16.4,291,796,9,169,17,0.9,1.8
64,food2,,培根烤花枝.jpg,培根烤花枝,100,147.3,,10.89,11.53,0.98,117.2,298.5,10.9,108.3,52.4,0.29,1.3
65,food3,,蒜爆高麗菜.jpg,蒜爆高麗菜,105,68,,0.3,1.2,4.4,150,17,52,28,11,0.3,0.2
66,food2,,蔥暴雞丁.jpg,蔥暴雞丁,110,194,,0.9,22.4,,310,49,1,223,28,0.4,0.4
67,food2,,滷雞翅.jpg,滷雞翅,100,227,,17.2,16.8,--!,113,125,10,101,12,0.4,1.1
68,food2,,滷雞腿.jpg,滷雞腿,100,141,,6.9,18.4,0.2,217,118,2,142,18,0.5,1.7
69,food2,,滷雞塊.jpg,滷雞塊,100,248,,19.9,16.1,-,228,44,1,72,6,0.4,0.3
70,food2,,橙汁魚.jpg,橙汁魚,130,225,,4.82,19.22,-,400.2,59.4,3.6,171.8,23.6,0.32,0.4
71,food1,,白飯.jpg,白飯,100,140,,,,,,,,,,,
72,food2,,滷麵筋.jpg,滷麵筋,40,255.2,,20.64,17.76,-,2,2.4,10.8,11.2,4.8,0.88,0.72
73,food1,,米.jpg,米,20,70.6,0,0.12,1.4,15.54,14.8,0.8,1.2,9.8,3.8,0.04,0.28
74,food1,,麵條(乾).jpg,麵條(乾),20,71.4,0,0.32,2.46,14.34,21,28.4,3.6,20.8,7,0.12,0.18
75,food1,,蘿蔔糕.jpg,蘿蔔糕,50,69.5,1.5,2.2,0.85,11.6,14,128.5,2.5,16.5,3.5,0.1,0.1
76,food1,,芋頭粿.jpg,芋頭粿,60,70.8,1.8,1.56,1.26,13.08,28.2,148.2,3,22.2,4.2,0,0.3
77,food1,,南瓜.jpg,南瓜,110,70.4,0,0.22,2.64,15.62,352,1.1,9.9,46.2,15.4,0.44,0.44
78,food1,,馬鈴薯.jpg,馬鈴薯,90,72.9,0,0.27,2.43,14.85,270,4.5,2.7,43.2,22.5,0.45,0.63
79,food1,,蕃薯.jpg,蕃薯,55,68.2,0,0.165,0.55,15.73,159.5,24.2,18.7,29.15,15.4,0.275,0.165
80,food1,,蓮藕.jpg,蓮藕,100,74,0,0.3,1.8,17,280,17,20,54,13,0.4,0.2
81,food1,,玉米.jpg,玉米,65,72.15,0,1.235,2.47,12.61,156,3.9,1.3,50.05,20.15,0.39,0.585
82,food1,,米粉(細).jpg,米粉(細),20,69.6,0,0.16,0.06,17.12,2.4,34,0.8,16.6,0.4,0.08,0.02
83,food1,,綠豆粉.jpg,綠豆粉,20,68.8,0,0.3,4.34,12.58,220.4,1.6,14.8,71.8,29.4,1.04,0.64
84,food1,,麵線.jpg,麵線,25,82.25,0,0.225,2.7,17.525,25.75,719.5,2.25,27.5,7.75,0.3,0.15
85,food1,,米苔目.jpg,米苔目,60,70.8,0,0.06,0.36,17.28,3.6,4.8,6,10.2,2.4,0.06,0.06
86,food1,,荸齊.jpg,荸齊,85,67.15,0,0.085,1.7,15.98,382.5,21.25,3.4,54.4,10.2,0.595,0.34
87,food1,,春捲皮.jpg,春捲皮,30,81,0,4.17,1.53,9.45,34.2,134.7,0.3,17.1,6.3,0.39,0.12
88,food1,,天婦羅(甜不辣).jpg,天婦羅(甜不辣),35,60.9,7,1.61,4.34,7.385,33.6,239.4,5.95,38.5,5.25,0.245,0.07
89,food1,,中筋麵粉.jpg,中筋麵粉,20,71.8,7,0.28,2.42,14.56,20.6,0.2,3.4,8.6,5.2,0.14,0.12
90,food1,,西谷米.jpg,西谷米,20,71.8,0,0.04,0.02,17.98,3.2,2,3.4,1.8,1,0.24,0.02
91,food1,,圓糯米.jpg,圓糯米,20,71.8,0,0.1,1.68,15.6,23.8,0.4,1.2,22,4.6,0.08,0.18
92,food1,,蓮藕粉.jpg,蓮藕粉,20,70.4,0,0.02,0.02,17.66,6.4,1,8.8,2.8,1.6,0.16,0.02
93,food1,,燕麥片.jpg,燕麥片,20,78.6,0,1.94,2.46,12.82,65.8,0.6,8,23.2,23.2,0.46,0.36
94,food1,,栗子(生).jpg,栗子(生),40,74.4,0,0.24,1.4,16.6,181.2,0.8,9.6,37.2,20,0.44,0.28
95,food1,,菱角.jpg,菱角,50,37.5,0,0.15,0.95,8.05,125,10.5,9.5,41.5,17,2.95,0.25
96,food1,,蓮子.jpg,蓮子,50,70.5,0,0.35,4.75,12.6,200,68,34,163.5,44,6.15,0.65
97,food1,,小麥.jpg,小麥,20,72.2,0,0.56,2.86,13.68,67,0.4,5.8,32,27.6,0.56,0.52
98,food1,,大麥.jpg,大麥,20,73.4,0,0.6,1.86,14.84,75.2,7.4,6.6,36,21.6,0.48,0.28
99,food1,,綠豆.jpg,綠豆,20,68.4,0,0.18,4.68,12.44,79.6,0,28.2,72.4,32.4,1.28,0.54
100,food1,,紅豆.jpg,紅豆,20,66.4,0,0.12,4.48,12.26,197.6,0.6,23,98.6,35.4,1.96,0.76
101,food1,,薏仁.jpg,薏仁,20,74.6,0,1.44,2.78,12.54,58.2,0.2,1.6,23.6,33.8,0.54,0.5
102,food1,,通心麵.jpg,通心麵,20,70,0,0.28,3.06,13.9,34.4,0.2,3.4,16,7.6,0.24,0.1
103,food1,,花豆.jpg,花豆,20,66.6,0,0.24,3.8,12.62,186,6,17.8,91.2,32.2,1.8,0.58
104,food1,,衛生油麵.jpg,衛生油麵,45,73.8,0,0.945,2.43,13.995,27,23.85,8.55,17.55,5.4,0.135,0.09
105,food1,,芋頭.jpg,芋頭,55,70.4,0,0.605,1.375,14.52,275,2.75,15.4,35.2,15.95,0.495,1.21
106,food1,,馬鈴薯粉.jpg,馬鈴薯粉,20,66.8,0,0.02,0.02,16.76,9.6,1.6,7.8,5.8,1.2,0.06,0.02
107,food1,,蕃薯粉.jpg,蕃薯粉,20,70.8,0,0.04,0.02,17.76,3.4,1.4,12.4,1,0.8,0.04,0.02
108,food1,,山藥.jpg,山藥,100,73,0,2.2,1.9,12.8,370,9,5,32,13,0.3,0.3
109,food1,,燒餅.jpg,燒餅,22,86,0,4.3178,1.82,10.22,16.2,91.6,1.6,13,2.4,0.2,0.1
110,food1,,白土司麵包.jpg,白土司麵包,20,71.8,0,0.04,0.02,17.98,3.2,2,3.4,1.8,1,0.24,0.02
111,food1,,蠶豆(鹽酥).jpg,蠶豆(鹽酥),20,100.6,0,5.12,4.42,9.38,177.4,87,3.8,70.6,19.4,0.62,0.42
112,food1,,碗粿.jpg,碗粿,92,339.38,19.8,11.583,8.15,50.042,92.94,15,12.4,89.74,25.56,0.634,0.912
113,food1,,奶酥麵包.jpg,奶酥麵包,20,100.6,0,5.12,4.42,9.38,177.4,87,3.8,70.6,19.4,0.62,0.42
114,food1,,蜂蜜蛋糕.jpg,蜂蜜蛋糕,75,270,120,13.35,4.875,33.075,81.75,57,21.75,97.5,8.25,0.825,0.6
115,food1,,蕃薯蜜餞.jpg,蕃薯蜜餞,55,189.2,0,0.33,0.495,46.365,88,89.65,36.85,12.1,9.9,0.44,0.11
116,food1,,春捲.jpg,春捲,215,188.5,18,1.46,8.43,28.72,396.6,54.5,66.2,131.7,33,1.27,1.28
117,food1,,餛飩.jpg,餛飩,75,183,0,13.725,6.825,8.475,146.25,519.75,33,65.25,13.5,0.975,1.05
118,food3,,胡蘿蔔.jpg,胡蘿蔔,100,21,0,0.2,0.8,4.5,200,23,27,13,10,0.2,0.2
119,food3,,青花菜.jpg,青花菜,100,31,0,0.2,4.3,4.6,340,21,47,67,22,0.8,0.5
120,food3,,茄子.jpg,茄子,100,25,0,0.4,1.3,4.7,200,4,18,28,14,0.4,0.2
121,food3,,苦瓜.jpg,苦瓜,100,18,0,0.2,0.8,3.7,160,11,24,41,14,0.3,0.2
122,food3,,綠豆芽.jpg,綠豆芽,100,33,0,0.5,3.1,5.4,190,34,147,42,22,0.8,0.3
123,food3,,蒲瓜.jpg,蒲瓜,100,18,0,0.1,0.4,4.2,90,3,18,20,9,0.2,0.2
124,food3,,洋蔥.jpg,洋蔥,100,18,0,0.1,0.4,4.2,90,3,18,20,9,0.2,0.2
125,food3,,胡瓜.jpg,胡瓜,100,17,0,0.2,0.9,3.4,90,8,16,13,10,0.2,0.2
126,food3,,絲瓜.jpg,絲瓜,100,17,0,0.2,1,3.4,60,0,10,26,9,0.2,0.2
127,food3,,竹筍.jpg,竹筍,100,22,0,0.2,2.1,3.8,340,1,7,41,12,0.3,0.4
128,food3,,蘆筍.jpg,蘆筍,100,25,0,0.1,0.3,5.9,280,15,20,65,16,1.9,0.2
129,food3,,玉米筍.jpg,玉米筍,100,27,0,0.2,2,5.3,190,2,14,56,25,3.9,0.5
130,food3,,空心菜.jpg,空心菜,100,24,0,0.4,1.4,4.3,440,52,78,37,21,1.5,0.7
131,food3,,香菇.jpg,香菇,100,40,0,0.4,3.4,7,280,2,3,86,17,0.6,1.1
132,food3,,金針菇.jpg,金針菇,100,41,0,0.5,2.2,8,430,4,0,108,16,0.9,0.7
133,food3,,高麗菜.jpg,高麗菜,100,23,0,0.3,1.2,4.4,150,17,52,28,11,0.3,0.2
134,food3,,地瓜葉.jpg,地瓜葉,100,23,0,0.3,1.2,4.4,310,21,85,30,20,1.5,0.6
135,food3,,芹菜.jpg,芹菜,100,17,0,0.3,0.9,3.1,320,71,66,31,11,0.9,0.3
136,food3,,菜豆.jpg,菜豆,100,30,0,0.1,2.2,6.1,160,3,27,42,29,0.8,0.6
137,food3,,小白菜.jpg,小白菜,100,13,0,0.3,1,2.1,240,40,106,37,15,1.4,0.3
138,food3,,韭菜花.jpg,韭菜花,100,28,0,0.3,2,5.2,200,7,21,35,13,0.4,0.3
139,food3,,菠菜.jpg,菠菜,100,22,0,0.5,2.1,3,460,54,77,45,58,2.1,0.6
140,food3,,蘿蔔.jpg,蘿蔔,100,21,0,0.2,0.8,4.5,200,23,27,13,10,0.2,0.2
141,food3,,木耳.jpg,木耳,100,35,0,0.3,0.9,7.7,40,28,33,17,15,1.1,0.1
142,food3,,花胡瓜.jpg,花胡瓜,100,15,0,0.3,1.2,2.5,170,6,30,31,15,0.3,0.2
143,food3,,鹹菜.jpg,鹹菜,100,14,0,0.4,0.9,2.2,180,1955,49,20,11,1,0.3
144,food3,,萵苣.jpg,萵苣,100,11,0,0.3,0.6,1.9,130,12,24,28,8,0.4,0.2
145,food3,,油菜.jpg,油菜,100,14,0,0.4,1.5,1.9,280,59,105,38,15,1.5,0.7
146,food3,,海帶.jpg,海帶,100,16,0,0.2,0.7,3.3,11,606,87,8,14,0.2,0.1
147,food3,,莧菜.jpg,莧菜,100,18,0,0.6,2.2,1.9,530,25,156,54,37,4.9,0.4
148,food3,,碗豆.jpg,碗豆,100,41,0,0.2,3.2,8,160,6,43,64,23,8.5,0.4
149,food3,,龍鬚菜.jpg,龍鬚菜,100,17,0,0.2,3,2,250,9,29,65,19,1.6,0.8
150,food3,,蕃茄(大).jpg,蕃茄(大),100,26,0,0.2,0.9,5.5,210,9,10,20,12,0.3,0.2
151,food3,,紫菜.jpg,紫菜,10,22.9,0,0,2.71,4.05,305.4,213.2,18.3,38.2,18.1,9.04,0.44
152,food7,調味料,紅砂糖.jpg,紅砂糖,5,19.25,0,0,0,4.97,3.05,0.15,0.3,0.05,0.55,0,0.005
153,food7,調味料,豆瓣醬.jpg,豆瓣醬,5,8.85,0,0.405,0.71,0.61,34.45,252.1,0.95,11.55,4.6,0.155,0.065
154,food7,調味料,五香粉.jpg,五香粉,5,19.2,0,0.445,0.435,3.405,66.4,4.9,32.3,9.2,13.35,1.735,0.11
155,food7,調味料,低鈉鹽.jpg,低鈉鹽,5,0.55,0,0,0,0.14,1300.35,917.05,14.45,4.15,2.2,0.18,0.005
156,food7,調味料,醬油.jpg,醬油,5,4.5,0,0,0.39,0.745,20.85,254.2,0.15,4.45,1.5,0.105,0.015
157,food7,調味料,米酒.jpg,米酒,5,7.7,0,0,0,0,0,0,0,0,0,0,0
158,food7,調味料,烏醋.jpg,烏醋,5,2.1,0,0,0.025,0.435,2.85,78.55,0.3,0.35,0.5,0.08,0.005
159,food7,調味料,沙茶醬.jpg,沙茶醬,5,36.15,1.65,3.59,0.51,0.52,17.75,21.05,10.1,14.1,2.8,0.2,0.085
160,food7,調味料,鮮雞粉.jpg,鮮雞粉,5,13.25,1.25,0.505,0.54,1.665,5.7,876.1,1.65,6.6,0.6,0.09,0.025
161,food7,調味料,甜麵醬.jpg,甜麵醬,5,10.7,0,0.12,0.225,2.2,8.95,93.5,1.2,4.95,1.6,0.07,0.025
162,food7,調味料,味噌.jpg,味噌,5,11.4,0,0.5,1.025,0.725,31.8,335.3,7.2,8.85,4.35,0.61,0.115
163,food7,調味料,麻油.jpg,麻油,5,44.1,0,4.99,0,0,0,0,0,0,0,0,0
164,food7,調味料,咖哩粉.jpg,咖哩粉,5,20.7,0,0.705,0.695,2.925,85.85,27.6,37.75,20.95,14.7,3.295,0.165
165,food7,調味料,豆豉.jpg,豆豉,5,11.4,0,0.5,1.025,0.725,31.8,335.3,7.2,8.85,4.35,0.61,0.115
166,food7,調味料,香油.jpg,香油,5,44.55,0,4.995,0,0,0,0,0,0,0,0,0
167,food7,調味料,蕃茄醬.jpg,蕃茄醬,5,5.65,0,0.005,0.08,1.335,19.6,55.8,0.55,2.45,1.05,0.04,0.01
168,food7,調味料,味素.jpg,味素,5,12.55,0,0,3.13,0,0.05,582.8,0.65,0.05,0.05,0.79,0.015
169,food7,調味料,蔭豆豉.jpg,蔭豆豉,,,,,,,,,,,,,
170,food7,調味料,白胡椒粉.jpg,白胡椒粉,5,16.85,0,0.055,0.185,3.94,5.8,6,21,4.35,20.15,2.665,0.04
171,food7,調味料,糯米醋.jpg,糯米醋,5,1.5,0,0,0.005,0.205,0.9,4.05,0.15,0.1,0.1,0.015,0
172,food7,中式早餐,燒餅油條.jpg,燒餅油條,180,647.4,0,26.4,16.68,87.15,150.3,789.3,14.7,125.4,23.4,1.77,0.96
173,food7,中式早餐,皮蛋瘦肉粥.jpg,皮蛋瘦肉粥,90,233,309.8,8.54,11.55,26.99,153.9,485.9,21.3,124.8,12.6,2.47,1.2
174,food7,中式早餐,麵皮蛋餅.jpg,麵皮蛋餅,120,424.6,216.5,25.03,6.1,44.55,70,71,46,95,7.5,1,0.65
175,food7,中式早餐,三角肉鬆飯糰.jpg,三角肉鬆飯糰,115,264.9,15.45,5.64,8.05,44.645,125.8,222.05,14.5,81.15,13.6,0.74,1.195
176,food7,中式早餐,冷凍饅頭.jpg,冷凍饅頭,95,263.15,0,2.28,7.03,54.15,82.65,86.45,8.55,65.55,16.15,0.475,0.57
177,food7,中式早餐,上海小籠煎包.jpg,上海小籠煎包,70,299,6.1,20.86,5.75,22.28,84.6,7.4,10.6,40.6,11.2,0.37,0.53
178,food7,中式早餐,鮮肉包.jpg,鮮肉包,150,387,15,15.3,10.65,52.5,150,361.5,42,471,24,0.9,0.9
179,food7,中式早餐,煎廣式蘿蔔糕.jpg,煎廣式蘿蔔糕,165,340.95,4.5,21.585,2.55,34.8,42,385.5,7.5,49.5,10.5,0.3,0.3
180,food7,中式早餐,蔥蛋餅.jpg,蔥蛋餅,95,310.85,216.5,20.445,9.95,21.48,129.6,67.8,17.4,156.4,29.8,1.62,1.05
181,food7,中式早餐,傳統飯糰.jpg,傳統飯糰,105,330.3,96.9,8.325,11.185,51.58,171,519.85,27.65,101.95,27.2,1.155,1.075
182,food7,中式早餐,三角紅豆包.jpg,三角紅豆包,90,216.9,0,0.27,6.66,47.34,92.7,54,18.9,237.6,18.9,0.63,0.81
183,food7,中式早餐,小籠包.jpg,小籠包,35,84,0.7,5.425,3.36,5.565,45.5,86.8,3.85,29.75,4.2,0.175,0.28
184,food7,中式早餐,芋頭包.jpg,芋頭包,35,87.85,0,0.805,2.45,17.885,46.9,19.6,8.4,132.65,6.65,0.175,0.21
185,food7,中式早餐,奶黃銀絲卷(小),奶黃銀絲卷(小),30,84.3,0,0.99,2.67,16.35,30.3,3.3,2.7,24.3,6,0.27,0.21
186,food7,中式早餐,菜包.jpg,菜包,150,339,1.5,3.6,12.9,64.2,150,366,42,456,28.5,0.9,0.9
187,food7,中式早餐,黑糖饅頭.jpg,黑糖饅頭,130,332.9,0,1.44,9.78,71,123.5,223.9,71.6,70.4,27.7,5.4,1.95
188,food7,中式早餐,冷凍銀絲卷(奶黃).jpg,冷凍銀絲卷(奶黃),40,112.4,0,1.32,3.56,21.8,40.4,4.4,3.6,32.4,8,0.36,0.28
189,food7,西式早餐,菠蘿奶酥麵包.jpg,菠蘿奶酥麵包,90,334.8,36.9,13.68,8.19,45.27,94.5,193.5,27,74.7,18.9,0.54,0.54
190,food7,西式早餐,沙威瑪麵包(小).jpg,沙威瑪麵包(小),80,216.75,22.15,8.175,10.3,25.51,127.9,378.65,42.4,122.8,21.75,0.725,0.72
191,food7,西式早餐,葡萄夾心.jpg,葡萄夾心,90,282,9.75,5.625,7.05,51.66,90.15,352.95,20.4,89.4,23.4,0.825,0.69
192,food7,西式早餐,蛋糕.jpg,蛋糕,81,320.9,0,5.715,4.68,62.31,94.35,401.05,5.1,56.55,16.05,0.96,0.375
193,food7,西式早餐,大亨堡.jpg,大亨堡,150,438.7,48.9,21.82,16.9,44.45,177.4,556.1,36.9,186.2,30.2,2.21,1.49
194,food7,西式早餐,鮪魚漢堡.jpg,鮪魚漢堡,470,488.75,248.5,19.57,14.155,37.055,184.25,335.75,31.8,190.2,27,1.685,1.205
195,food7,西式早餐,奶酥麵包.jpg,奶酥麵包,75,279,30.75,11.4,6.825,37.725,78.75,161.25,22.5,62.25,15.75,0.45,0.45
196,food7,西式早餐,自製鬆餅.jpg,自製鬆餅,30,108.6,0,0.36,2.52,23.22,45.9,0.6,5.4,16.8,8.7,0.24,0.18
197,food7,西式早餐,喀啦雞腿堡.jpg,喀啦雞腿堡,155,511.25,35.25,32.955,17.505,37.36,224.8,784.3,20.4,148.75,32.1,1.11,0.85
198,food7,西式早餐,鮪魚土司夾蛋.jpg,鮪魚土司夾蛋,150,380.35,272.8,22.99,15.71,27.92,249.05,480.65,33.2,211.45,29.2,1.87,1.285
199,food7,西式早餐,滿福堡+可樂.jpg,滿福堡+可樂,810,707.7,279.9,20.27,19.93,111.715,226.1,961.5,167.05,444.15,39.1,2.99,2.135
200,food7,西式早餐,漢堡夾蛋+奶茶.jpg,漢堡夾蛋+奶茶,505,631.3,273.4,37.535,17.88,30.355,264.05,507.75,32.8,225,29.85,1.94,1.974
201,food7,西式早餐,煎蛋熱狗+無糖豆漿.jpg, 煎蛋熱狗+無糖豆漿 ,445,385.85,246.75,27.37,13.42,4.25,133,436.55,27.65,164,11,1.945,1.215
202,food7,西式早餐,巧克力蛋糕.jpg,巧克力蛋糕,100,340,146,16.1,6.9,42.6,185,134,28,135,25,1.6,0.9
203,food7,西式早餐,起司蛋糕.jpg,起司蛋糕,50,169,81,7.9,3.7,21,55.5,85,15.5,65,5.5,0.55,0.4
204,food7,西式早餐,鮮奶油三明治.jpg,鮮奶油三明治,95,266.05,28.65,10.94,9.34,33.9,110.15,609.3,78.35,144.9,23.15,1,0.955
205,food7,西式早餐,奶茶.jpg,奶茶,300,100,,,,,,,,,,,
206,food7,家常菜,味增鮭魚湯.jpg,味增鮭魚湯,75,125.3,18,7.57,10.765,3.47,146.1,199.25,74.45,133.25,28.85,1.16,0.645
207,food7,家常菜,大頭菜(甘藍).jpg,大頭菜(甘藍),70,46.5,6.6,1.67,3.18,5,97.4,126.7,89,57.8,8.9,0.53,0.2
208,food7,家常菜,筍片排骨湯.jpg,筍片排骨湯,80,85.7,21.9,5.8,6.48,1.99,246.5,24.2,14.9,78.4,11.7,0.48,0.83
209,food7,家常菜,蘿蔔魚丸湯.jpg,蘿蔔魚丸湯,140,111,17.6,5.94,6.68,7.9,268.8,234.2,48.6,79.6,17.6,0.4,0.36
210,food7,家常菜,菜肉餛飩湯.jpg,菜肉餛飩湯,40,97.6,0,7.32,3.64,4.52,78,277.2,17.6,34.8,7.2,0.52,0.56
211,food7,家常菜,肉羹湯.jpg,肉羹湯,100,149.5,19.8,11.495,6.33,5.42,283.8,208,13.25,94.55,16.95,0.69,0.94
212,food7,家常菜,滷豬腳.jpg,滷豬腳,40,82.55,44.45,5.04,7.985,0.745,88.4,293.75,19.4,56.6,6.05,0.455,1.24
213,food7,家常菜,煎白鯧魚.jpg,煎白鯧魚,37,63.9,22.96,4.343,5.88,0.07,29.05,110.25,2.8,37.45,12.25,0,0.14
214,food7,家常菜,水煮雞胸肉.jpg,水煮雞胸肉,35,36.4,19.95,0.315,7.84,0,108.5,17.15,0.35,78.05,9.8,0.14,0.14
215,food7,家常菜,豬耳朵.jpg,豬耳朵,90,285.9,79.9,24.31,14.925,0.745,177.3,296.7,4.4,75.85,13.4,0.955,1.63
216,food7,家常菜,大黃瓜魚丸湯.jpg,大黃瓜魚丸湯,70,36.5,4.6,0.3,2.95,5.76,89.6,140.6,10.2,34.9,8.4,0.22,0.16
217,food7,家常菜,春捲.jpg,春捲,215,188.5,18,1.46,98.03,28.72,506.6,43.7,66.2,131.7,33,1.28,1.28
218,food7,家常菜,玉米粒20g+蛋40g+海帶結80+高麗菜80g+甜不辣55g，白飯150g.jpg,玉米粒20g+蛋40g+海帶結80+高麗菜80g+甜不辣55g，白飯150g,435,505.9,184.2,7.27,13.94,21.765,278.8,929.8,132.95,178.7,38.85,1.625,1.01
219,food7,家常菜,燙菠菜100g+炒洋蔥100g+蒸香腸40g+滷百頁35g，飯150g.jpg,燙菠菜100g+炒洋蔥100g+蒸香腸40g+滷百頁35g，飯150g,405,565,23.6,19.36,13.52,17.48,701.5,499.9,110.5,173.5,75.4,3.33,1.72
220,food7,家常菜,冬瓜+菠菜+素雞塊30g+高麗菜乾60g +大頭菜虱目丸湯+白飯150g.jpg,冬瓜+菠菜+素雞塊30g+高麗菜乾60g +大頭菜虱目丸湯+白飯150g,490,449,6.6,5.37,14.05,38.82,1266.2,2492.9,332.9,208.3,110.1,49.5,1.84
221,food7,家常菜,肉羹飯.jpg,肉羹飯,300,429.5,19.8,11.495,6.33,5.42,283.8,208,13.25,94.55,16.95,0.72,0.94
222,food7,家常菜,蝦仁炒飯.jpg,蝦仁炒飯,380,524.4,41.8,6.46,17.86,99.94,167.2,843.6,91.2,167.2,38,2.28,1.52
223,food7,家常菜,地瓜粥250g+滷豬耳朵+滷海帶+滷百頁+炒龍鬚菜.jpg,地瓜粥250g+滷豬耳朵+滷海帶+滷百頁+炒龍鬚菜,335,415,0,9.465,11.09,25.805,347.95,1079.8,90.35,132.6,43.2,2.59,1.19
224,food7,家常菜,香菇肉燥.jpg,香菇肉燥,24.5,73.35,9.9,6.101,2.688,1.865,73.115,133.2,2.275,33.265,7.06,0.393,0.345
225,food7,家常菜,地瓜粥250g+滷麵泡+滷海帶+炒龍鬚菜+吳郭魚肉30g.jpg,地瓜粥250g+滷麵泡+滷海帶+炒龍鬚菜+吳郭魚肉30g,335,421.5,19.5,15.045,12.71,24.34,442.6,709.2,82.4,144.95,49.8,2.035,1.085
226,food7,家常菜,炸花枝丸.jpg,炸花枝丸,85,221.8,50.25,16.365,9.975,9.225,136.5,521.25,62.25,148.5,14.25,0.3,0.375
227,food7,家常菜,炸豬排40g+炒空心菜90g+洋蔥炒蛋120g+炒油豆腐40g，飯200g.jpg,炸豬排40g+炒空心菜90g+洋蔥炒蛋120g+炒油豆腐40g，飯200g,500,589.3,107.4,20.45,18.64,13.53,792.6,88.2,188,202.7,64.1,3.25,2.31
228,food7,家常菜,排骨便當.jpg,排骨便當,525,622.15,107.4,21.615,13.7,6.59,473,553.7,141,92.2,41.5,2.15,1.45
229,food7,家常菜,正鰹(鰹魚)魚丁.jpg,正鰹(鰹魚)魚丁,33,47.4,19.2,1.68,7.164,0.447,134.91,167.52,2.49,140.97,11.4,0.813,0.129
230,food7,家常菜,青脆脯100g滷虱目魚35g+炒空心菜+炒高麗菜末蛋.jpg,青脆脯100g滷虱目魚35g+炒空心菜+炒高麗菜末蛋,515,519.5,99.9,16.895,12.83,10.09,623.95,605.8,193,184.5,53.7,2.355,1.425
231,food7,家常菜,醬爆豆乾條.jpg,醬爆豆乾條,38,69.55,0,3.395,6.989,2.897,100.36,308.27,95.64,104.52,24.35,1.988,0.779
232,food7,家常菜,飯3份+青椒炒柳松菇+空心菜+白切豬肉30g+鰹魚塊30g.jpg,飯3份+青椒炒柳松菇+空心菜+白切豬肉30g+鰹魚塊30g,250,446.8,34.8,15.3,16.32,9.21,818.1,107.7,79.8,242.4,47.7,2.7,1.68
233,food7,家常菜,可樂餅(奶汁).jpg,可樂餅(奶汁),70,156.7,42,11.37,2.16,11.88,47.4,202.8,4.2,43.2,6.6,0.36,0.18
234,food7,家常菜,馬鈴薯咖哩100g+炒洋蔥70g+燙里肌肉40g+燙空心菜80g+飯150g.jpg,馬鈴薯咖哩100g+炒洋蔥70g+燙里肌肉40g+燙空心菜80g+飯150g,430,468.6,102.2,15.77,12.53,17.04,771.8,406.1,127.8,124.9,53.2,2.37,1.91
235,food7,家常菜,鮮蝦泡麵.jpg,鮮蝦泡麵,125,601.25,0,32.25,12,66.875,186.25,2361.25,65,136.25,42.5,2.875,1
236,food7,家常菜,港式叉燒便當.jpg,港式叉燒便當,190,965.4,36.4,17.54,17.51,6.315,463.25,1113.2,41.4,67.55,33.9,1.295,1.474
237,food7,家常菜,雞腿便當.jpg,雞腿便當,463,572.2,96.8,18.04,21.609,3.767,370.51,913.87,35.09,204.92,32.1,1.023,1.894
238,food7,家常菜,竹筍75、小白菜75、花椰菜50、梅乾菜5、豬後腿肉(滷肉)60、醬油5G，沙茶拌麵.jpg,竹筍75、小白菜75、花椰菜50、梅乾菜5、豬後腿肉(滷肉)60、醬油5G，沙茶拌麵,330,366,42.3,10.64,22.8,45.16,904,835.9,142.85,276.55,55.85,3.73,3.22
239,food7,家常菜,花生麵筋.jpg,花生麵筋,30,65.7,0,4.23,3.3,3.75,27.9,233.4,3.3,17.7,9,0.54,0.27
240,food7,家常菜,自製韭菜水餃.jpg,自製韭菜水餃,31,38.21,0,0.431,2.361,0.49,75.97,84.23,5.94,22.53,2.57,0.254,0.421
241,food7,家常菜,炒烏龍麵.jpg,炒烏龍麵,430,524.3,20.8,18.79,21.18,67.76,296.4,667.8,21,127.4,47.8,1.48,1.28
242,food7,小吃,水煎包.jpg,水煎包,90,265.7,7.8,12.155,8.47,30.22,132.55,9.9,19.95,29.9,16.6,0.445,0.545
243,food7,小吃,酸辣湯.jpg,酸辣湯,175,219.4,48.65,12.265,6.255,21.765,233.25,118.55,85.05,163.25,25.45,1.84,0.92
244,food7,小吃,蚵仔麵線.jpg,蚵仔麵線,125,352.35,49.9,13.985,8.91,48.76,87.6,1455.2,20.9,91.8,25.8,1.75,1.3
245,food7,小吃,貢丸湯.jpg,貢丸湯,85,178.15,48.75,13.945,12.795,0.66,148.7,883.7,7.9,136.45,13.1,0.8,0.985
246,food7,小吃,鍋貼.jpg,鍋貼,160,366.4,17.6,15.68,12.48,44.32,185.6,502.4,14.4,97.6,24,1.12,1.12
247,food7,小吃,炒麵.jpg,炒麵,305,604.5,22.8,20.61,20.52,85.225,249.15,859,52.95,204.25,39.9,1.185,1.065
248,food7,小吃,米糕(筒仔米糕).jpg,米糕(筒仔米糕),160,390.4,27.2,13.76,10.56,56.8,126.4,478.4,25.6,84.8,28.8,2.56,1.44
249,food7,小吃,炸排骨酥湯.jpg,炸排骨酥湯,110,276.1,24.2,14.85,14.19,21.78,228.8,641.3,12.1,116.6,13.2,1.32,1.1
250,food7,小吃,草魚粥.jpg,草魚粥,348,419.48,52.2,2.9,26.818,1.16,545.23,403.33,91.74,291.48,35.1,1.489,1.024
251,food7,小吃,肉圓.jpg,肉圓,120,200.25,9.2,1.725,3.565,31.51,56.35,249.55,10.35,25.3,3.45,10.35,0.345
252,food7,小吃,肉粽.jpg,肉粽,165,384.5,100.7,14.52,13.53,50.7,174.9,565.95,13.2,125.4,34.65,2.145,2.15
253,food7,小吃,蚵仔煎.jpg,蚵仔煎,215,521.15,217.8,30.315,11.44,51.945,309.75,644.9,85.4,170.9,46.95,4.805,163.66
254,food7,小吃,糯米腸.jpg,糯米腸,102,393.38,0,11.616,6.918,64.132,108.64,440.2,8.6,54.64,28.96,0.794,0.692
255,food7,小吃,涼麵.jpg,涼麵,350,580.4,0,16.555,23.805,74.785,442.1,879.5,320.85,328.91,99.7,3.91,1.86
256,food7,小吃,嘉義火雞肉飯.jpg,嘉義火雞肉飯,510,697.9,120.5,16.26,16.26,5.33,473.15,410.6,99.65,197.4,47.45,2.32,1.625
257,food7,小吃,味增湯.jpg,味增湯,470,654.6,29.7,15.35,20.75,9.715,527.85,465.25,168.9,259.85,61.5,2.725,1.4
258,food7,小吃,肉燥麵.jpg,肉燥麵,360,600.8,15.6,18.89,21.8,86.675,353.2,168.9,74.45,132.55,45.5,1.19,1.155
259,food7,小吃,鮮肉煎包.jpg,鮮肉煎包,75,236.95,22.75,11.705,10.49,22.05,156.55,20.6,6.15,79.05,15.85,0.63,1.44
260,food7,小吃,自製油飯.jpg,自製油飯,130,437.35,7.8,13.74,10.92,66.33,211,262.85,9.5,80.3,36.7,1.06,1.175
261,food7,小吃,壽桃.jpg,壽桃,85,302.95,0,0.7,11.7,62.82,352.8,1.75,37.4,193.45,67.95,3.42,1.515
262,food7,小吃,碗粿.jpg,碗粿,92,339.38,19.8,11.886,8.158,50.042,92.94,15,12.4,89.74,25.56,0.634,0.912
263,food7,小吃,芋粿巧.jpg,芋粿巧,84,254.94,0,3.114,5.628,50.102,165.44,657.6,23.9,80.34,25.36,0.874,0.712
264,food7,零食點心,花生糖.jpg,花生糖,10,54.4,0,3.25,1.79,4.61,42.1,18.3,1.2,30.8,13.4,0.21,0.26
265,food7,零食點心,泡芙(巧克力).jpg,泡芙(巧克力),65,382.85,94.9,26.845,6.695,29.445,215.8,94.9,108.55,163.8,29.9,1.04,0.91
266,food7,零食點心,油炸脫水甘薯片.jpg,油炸脫水甘薯片,25,130.25,0,7.525,0.575,15.3,197.5,76.25,39.5,29.75,10.5,0.4,0.1
267,food7,零食點心,草莓夾心餅乾.jpg,草莓夾心餅乾,30,148.5,2.7,7.14,1.44,19.92,33.6,90.9,7.5,26.1,4.8,0.42,0.15
268,food7,零食點心,菜燕凍.jpg,菜燕凍,5,15.3,0,0,0.015,3.915,0.55,3.35,12.4,0.2,3.65,0.95,2.99
269,food7,零食點心,蛋酥餅乾.jpg,蛋酥餅乾,25,115.25,144.25,6.75,2.85,10.975,81.75,49,14.75,88.5,6.25,1.025,0.45
270,food7,零食點心,蛋捲.jpg,蛋捲,75,405.75,109.5,24.375,5.1,42.225,85.5,168.75,25.5,122.25,12,0.975,0.45
271,food7,零食點心,小饅頭.jpg,小饅頭,35,86.45,0,0.42,2.835,17.955,23.1,63.7,7.35,20.3,5.6,0.14,0.56
272,food7,零食點心,豬肉條.jpg,豬肉條,35,41.7,18.3,1.29,6.39,0.745,136.95,270.4,1.05,79.15,8.4,0.495,1.005
273,food7,零食點心,炸薯條.jpg,炸薯條,75,189.7,0,13.695,1.69,15.47,247,13.65,8.45,50.7,14.95,0.455,0.26
274,food7,零食點心,鮮橘凍.jpg,鮮橘凍,110,48.9,0,0.2,0.5,12.45,67.9,7,24.2,17.5,10.2,0.23,0.81
275,food7,零食點心,紅棗銀耳湯.jpg,紅棗銀耳湯,27.5,86.6,0,0.1025,1.42,20.3975,161.25,50.5,11.725,19.625,10.125,1.5725,0.4575
276,food7,零食點心,白巧克力.jpg,白巧克力,35,197.05,5.25,12.565,3.01,18.41,141.4,38.15,69.3,98,9.1,0.105,0.28
277,food7,零食點心,黑巧克力.jpg,黑巧克力,40,218.4,0.6,13.32,3.76,21.28,40.4,40,302.8,31.6,100,154.8,1.32
278,food7,零食點心,米果.jpg,米果,15,72.9,0,3.03,0.69,10.86,18.75,70.5,5.1,9.15,1.65,0.075,0.15
279,food7,零食點心,牛奶糖.jpg,牛奶糖,3.5,14.595,0,0.3605,0.1155,2.7475,3.885,1.085,2.765,2.205,0.28,0,0.0105
280,food7,零食點心,芝麻糖.jpg,芝麻糖,10,51.3,0,2.67,0.85,6.07,33.4,5,62.7,47.2,21.1,0.68,0.23
281,food7,零食點心,爆漿餐包.jpg,爆漿餐包,50,206.5,34.1,13.395,3.41,18.47,41.85,249.1,12.55,47.35,10.55,0.4,0.33
282,food7,零食點心,草莓夾心酥.jpg,草莓夾心酥,15,74.25,1.35,3.57,0.72,9.96,16.8,45.45,3.75,13.05,2.4,0.21,0.075
283,food7,零食點心,炸鱈魚排.jpg,炸鱈魚排,95,523.55,16.1,28.09,10.68,3.95,236.7,65.15,5.25,155.2,19.4,0.22,0.24
284,food7,零食點心,炸花枝丸.jpg,炸花枝丸,85,221.8,50.25,16.365,9.975,9.225,136.5,521.25,62.25,148.5,14.25,0.3,0.375
285,food7,零食點心,蘿蔔酥餅.jpg,蘿蔔酥餅,60,263.4,11.4,14.4,4.5,29.52,132,43.2,10.2,67.2,18.6,0.78,0.3
286,food7,零食點心,烤香腸.jpg,烤香腸,50,175,32.5,13.05,8.55,6.1,140.5,487,1,51,8,0.55,0.9
287,food7,零食點心,魚酥.jpg,魚酥,35,203,10.85,14.28,2.905,16.135,52.5,243.25,96.25,84.35,6.3,0.945,0.14
288,food7,零食點心,洋芋片.jpg,洋芋片,25,142.5,0,9.65,1.3,12.875,204.25,95.75,4.25,34.25,14.25,0.425,0.125
289,food7,零食點心,速食粥.jpg,速食粥,45,157.95,0,0.855,3.825,34.02,67.5,964.35,42.3,44.55,13.5,0.945,0.585
290,food7,零食點心,麵線.jpg,麵線,280,831.6,0,3.64,28.56,172.2,243.6,7812,50.4,277.2,84,3.08,1.4
291,food7,零食點心,紅豆蓮子湯.jpg,紅豆蓮子湯,75,256.45,0,0.38,13.51,51.455,574.4,31.55,72.45,304.65,109.15,5.475,2.15
292,food7,零食點心,優酪果凍.jpg,優酪果凍,33,29.37,0,0,0,7.425,42.57,9.9,0.66,8.25,0.66,0.099,0.033
293,food7,零食點心,中華豆花.jpg,中華豆花,105,96,0,0.665,1.9,10.545,65.55,7.6,5.7,19.95,11.4,0.665,0.19
294,food7,零食點心,金莎巧克力.jpg,金莎巧克力,13,75.79,0,5.2,1.17,6.24,63.18,5.85,1.3,26.52,13,0.299,0.169
295,food7,零食點心,牛舌餅.jpg,牛舌餅,15,60.3,0,1.8,0.855,10.29,12.9,9.9,3,7.65,2.25,0.12,0.06
296,food7,零食點心,太妃糖.jpg,太妃糖,7,30.45,1.47,0.973,0.189,5.292,8.68,14.77,2.03,8.12,0.84,0.049,0.028
297,food7,飲料,可口可樂.jpg,可樂飲料,350,178.5,0,0,0,44.8,0,24.5,3.5,56,3.5,0.35,0
298,food7,飲料,芬達橘子汽水.jpg,芬達橘子汽水,350,147,0,0,0,36.75,3.5,31.5,7,0,3.5,0.35,0
299,food7,飲料,仙草蜜.jpg,仙草蜜,335,117.25,0,0,0,29.48,50.25,160.8,43.55,3.35,6.7,1.34,0.335
300,food7,飲料,杏仁茶.jpg,杏仁茶,340,142.8,0,0,0,36.04,17,34,10.2,6.8,0,3.74,0.34
301,food7,飲料,沙士.jpg,沙士,250,90,0,0,0,23,0,12.5,5,2.5,0,0.5,0.25
302,food7,飲料,啤酒.jpg,啤酒,330,165,0,0,0,12.87,102.3,9.9,0,72.6,26.4,0.33,0
303,food7,飲料,咖啡飲料.jpg,咖啡飲料,240,93.6,4.8,0.96,2.16,19.68,180,60,72,50.4,14.4,0.24,0.24
304,food7,飲料,珍珠紅茶.jpg,珍珠紅茶,110,438.5,0,12.8,16.3,67.94,534.1,5.3,1073.6,485.1,120.1,10.1,2.81
305,food7,飲料,珍穀米漿.jpg,珍穀米漿,480,345.6,0,11.04,5.28,58.08,163.2,124.8,9.6,100.8,48,0.48,0.48
306,food7,飲料,米漿.jpg,米漿,240,146.4,0,1.2,1.44,32.88,31.2,4.8,9.6,26.4,9.6,0.24,0.24
307,food7,飲料,巧克力牛奶.jpg,巧克力牛奶,390,202.8,31.2,5.07,6.24,33.93,308.1,152.1,120.9,183.3,35.1,0,0.78
308,food7,飲料,拿鐵咖啡.jpg,拿鐵咖啡,180,50,7,1.45,30,1.7,76.5,20.5,55.5,50.5,4.5,0.05,0.2
309,food7,飲料,紅茶.jpg,紅茶,470,159.8,0,0,0,40.42,28.2,37.6,4.7,18.8,4.7,0.94,0
310,food7,飲料,蘆筍汁.jpg,蘆筍汁,420,147,0,0,0.42,37.38,21,46.2,8.4,25.2,4.2,0.84,0.42
311,food7,飲料,水果茶.jpg,水果茶,450,162,0,0,0,41.4,108,22.5,4.5,4.5,4.5,0.45,0
312,food7,飲料,蘋果西打.jpg,蘋果西打,250,105,0,0,0,26.75,0,17.5,5,2.5,0,0.25,0
313,food7,飲料,舒跑.jpg,舒跑,245,68.6,0,0,0.245,17.15,44.1,100.45,4.9,2.45,2.45,0,0
314,food7,飲料,青草茶.jkpg,青草茶,420,105,0,0,0,26.88,147,109.2,16.8,37.8,16.8,0.84,0
315,food7,飲料,果菜汁.jpg,果菜汁,420,180.6,0,0.42,0.42,44.94,0,0,0,0,0,0,0
316,food7,飲料,蕃茄汁.jpg,蕃茄汁,200,42,0,0.4,1.4,8.8,340,196,18,30,26,2,0.2
317,food7,飲料,無糖烏龍茶.jpg,無糖烏龍茶,600,0,0,0,0.6,0.6,90,42,12,6,12,0.6,0
318,food7,飲料,奶茶.jpg,奶茶,,,,,,,,,,,,,
319,food7,飲料,麥茶.jpg,麥茶,,,,,,,,,,,,,
320,food7,飲料,冬瓜茶.jpg,冬瓜茶,,,,,,,,,,,,,
321,food7,飲料,菊花茶.jpg,菊花茶,250,72.5,0,0,0,18.5,30,42.5,5,7.5,2.5,0.25,0
322,food7,飲料,香豆奶.jpg,香豆奶,250,137.5,0,3.25,4.75,23,235,60,12.5,50,30,1,0.5
323,food7,飲料,華佗雞精.jpg,華佗雞精,70,23.8,0,0,6.02,0,128.8,60.2,1.4,11.9,3.5,0.07,0.07
324,food7,飲料,花生仁湯.jpg,華生仁湯,320,339.2,0,15.36,8.96,41.6,137.6,163.2,51.2,204.8,64,0.96,1.28
325,food7,飲料,黑豆漿.jpg,黑豆漿,250,97.5,0,1.5,2.75,18.5,150,52.5,7.5,37.5,20,0.5,0.25
326,food4,,葡萄柚.jpg,葡萄柚,190,62.7,0,0.57,1.33,14.82,114,13.3,39.9,32.3,17.1,0.19,0.19
327,food4,,泰國芭樂.jpg,泰國芭樂,160,60.8,0,0.16,1.28,15.52,240,8,6.4,24,9.6,0.16,0.32
328,food4,,火龍果.jpg,火龍果,130,65,0,0.26,1.43,16.25,247,20.8,5.2,35.1,40.3,0.39,0.91
329,food4,,美濃瓜.jpg,美濃瓜,165,62.7,0,0.495,2.145,14.19,528,19.8,11.55,28.05,16.5,0.33,0.33
330,food4,,木瓜.jpg,木瓜,120,62.4,0,0.12,0.96,16.08,264,4.8,21.6,12,14.4,0.24,0.24
331,food4,,荔枝.jpg,荔枝,100,59,0,0.3,1,14.8,180,6,11,27,16,0.4,0.3
332,food4,,蘋果.jpg,蘋果,130,59.8,0,0.26,0.39,15.73,143,3.9,6.5,14.3,5.2,0.26,0.13
333,food4,,奇異果.jpg,奇異果,115,60.95,0,0.345,1.38,14.72,333.5,6.9,29.9,40.25,14.95,0.345,0.115
334,food4,,葡萄.jpg,葡萄,105,59.85,0,0.21,0.735,15.435,126,7.35,4.2,16.8,5.25,0.21,0.105
335,food4,,香蕉.jpg,香蕉,70,63.7,0,0.14,0.91,16.59,203,2.8,3.5,15.4,16.1,0.21,0.35
336,food4,,香吉士.jpg,香吉士,105,60.9,0,0.945,0.84,12.495,136.5,2.1,39.9,23.1,11.55,0.21,0.105
337,food4,,粗梨.jpg,粗梨,120,60,0,0.12,0.48,15.84,144,10.8,2.4,14.4,7.2,0.12,0.12
338,food4,,愛文芒果.jpg,愛文芒果,150,60,0,0.45,0.3,15.3,135,6,7.5,21,10.5,0.15,0.15
339,food4,,金煌芒果.jpg,金煌芒果,105,61.95,0,0.42,1.155,15.12,94.5,15.75,5.25,12.6,10.5,0.21,0.105
340,food4,,小玉西瓜.jpg,小玉西瓜,195,62.4,0,0.195,1.755,15.015,117,7.8,11.7,19.5,25.35,0.585,0.39
341,food4,,聖女蕃茄.jpg,聖女蕃茄,175,61.25,0,2.275,2.45,9.45,315,29.75,29.75,36.75,17.5,1.05,0.35
342,food4,,加州李.jpg,加州李,100,56,0,0.4,0.7,13.9,120,7,4,18,8,0.2,0
343,food4,,玫瑰桃.jpg,玫瑰桃,120,61.2,0,0.12,1.44,15.36,240,8.4,8.4,25.2,12,0.24,0.12
344,food4,,櫻桃.jpg,櫻桃,80,56.8,0,0.32,0.72,14.4,176,3.2,12,16,8.8,0.24,0.08
345,food4,,水蜜桃.jpg,水蜜桃,145,62.35,0,0.29,1.16,15.515,145,14.5,5.8,27.55,11.6,0.29,0.145
346,food4,,鳳梨.jpg,鳳梨,130,59.8,0,0.26,1.17,15.08,52,1.3,23.4,10.4,18.2,0.26,0.65
347,food4,,棗子.jpg,棗子,130,59.8,0,0.26,1.56,14.43,260,9.1,10.4,26,9.1,0.26,0.13
348,food4,,柑橘.jpg,柑橘,150,60,0,0.3,0.75,15.3,82.5,6,36,22.5,15,0.3,1.2
349,food4,,香瓜.jpg,香瓜,180,54,0,0.36,1.08,13.5,432,28.8,12.6,28.8,12.6,0.36,0.36
350,food4,,楊桃.jpg,楊桃,170,59.5,0,0.34,1.36,14.62,170,18.7,3.4,18.7,15.3,0.34,0.51
351,food4,,蓮霧.jpg,蓮霧,170,57.8,0,0.34,0.85,14.62,119,11.9,6.8,17,13.6,0.17,0.17
352,food4,,哈密瓜.jpg,哈密瓜,195,60.45,0,0.39,1.365,14.82,390,44.85,27.3,27.3,25.35,0.39,0.585
353,food4,,葡萄乾.jpg,葡萄乾,20,60.6,0,0.18,0.64,15.86,142,2.8,11,23.4,6.6,0.3,0.1
354,food4,,柳橙汁.jpg,柳橙汁,120,60,0,0.12,0.12,14.76,25.2,26.4,3.6,4.8,3.6,0.12,0
355,food6,,全脂鮮奶-高品質鮮乳.jpg,全脂鮮奶-高品質鮮乳,290,194.3,40.6,10.73,9.57,14.79,452.4,130.5,275.5,261,29,0.29,0.87
356,food6,,全脂鮮奶-鮮乳.jpg,全脂鮮奶-鮮乳,290,179.8,34.8,10.44,9.28,12.76,466.9,156.6,321.9,266.8,58,0.29,1.16
357,food6,,低脂鮮奶.jpg,低脂鮮奶,290,133.4,29,4.93,9.28,12.76,461.1,150.8,310.3,266.8,58,0.29,1.16
358,food6,,脫脂鮮奶.jpg,脫脂鮮奶,290,121.8,11.6,0.87,10.15,18.27,527.8,142.1,290,432.1,31.9,0,0.87
359,food6,,保久乳.jpg,保久乳,200,116,26,6.4,6.2,8.8,348,132,182,230,26,0.2,1.2
360,food6,,羊奶保久乳.jpg,羊奶保久乳,180,118.8,28.8,6.48,6.3,8.82,324,91.8,198,151.2,19.8,0,0.54
361,food6,,全脂奶粉.jpg,全脂奶粉,30,152.1,27.3,8.61,7.98,10.92,358.8,115.8,271.5,223.5,25.2,0.09,0.93
362,food6,,低脂奶粉.jpg,低脂奶粉,25,105.75,14,3.025,8.2,11.4,363.5,88,315.25,233,28.75,0.1,1
363,food6,,調味奶.jpg,調味奶,290,150.8,23.2,3.77,4.64,25.23,229.1,113.1,89.9,136.3,26.1,0,0.58
364,food6,,起司片.jpg,起司片,21,62.58,17.43,4.452,3.801,1.848,15.54,387.45,120.54,78.12,6.3,0.378,0.567
365,food6,,優格.jpg,優格,200,202,20,5.6,7.4,31.2,282,116,166,142,22,0.2,0.6
366,food6,,低脂優酪乳.jpg,低脂優酪乳,200,146,12,1.8,4,29.2,146,74,70,80,14,0.2,0.6
367,food6,,養樂多.jpg,養樂多,100,68,0,0,1.1,16.3,88,26,29,37,4,0.1,0.1
368,food6,,活益比非多.jpg,活益比非多,210,134.4,0,0,2.1,32.55,105,42,58.8,79.8,12.6,0.21,0.42
369,food2,,雞胸肉(肉雞).jpg,雞胸肉(肉雞),30,31.2,17.1,0.27,6.72,0,93,14.7,0.3,66.9,8.4,0.12,0.12
370,food2,,雞腿(肉雞).jpg,雞腿(肉雞),40,56.4,32,2.76,7.36,0.08,86.8,47.2,0.8,56.8,7.2,0.2,0.68
371,food2,,大里肌(豬).jpg,大里肌(豬),35,65.45,18.2,3.57,7.77,0,125.65,12.25,0.35,13.3,8.05,0.21,0.595
372,food2,,二節翅(肉雞).jpg,二節翅(肉雞),40,90.8,40.8,6.88,6.72,0,45.2,50,4,40.4,4.8,0.16,0.44
373,food2,,豬前腿瘦肉.jpg,豬前腿瘦肉,35,40.25,24.85,1.12,7.035,0,107.8,16.8,1.05,74.2,8.05,0.455,1.155
374,food2,,豬腳(生).jpg,豬腳(生),35,78.05,44.45,5.04,7.595,0,67.55,39.55,19.25,52.15,4.55,0.35,1.225
375,food2,,梅花肉(豬).jpg,梅花肉(豬),45,153.45,33.3,13.77,6.84,0.045,110.25,26.55,0.45,67.95,7.2,0.405,0.855
376,food2,,雞肝.jpg,雞肝,40,48,143.6,1.84,7.36,0.64,116,36.8,1.2,42.4,6.8,1.4,0.92
377,food2,,豬血.jpg,豬血,40,48,143.6,1.84,7.36,0.64,116,36.8,1.2,42.4,6.8,1.4,0.92
378,food2,,雞肫.jpg,雞肫,40,42.8,78.4,1.32,7.28,0,94.4,29.6,1.6,20,5.2,0.88,0.96
379,food2,,烏賊(花枝).jpg,烏賊(花枝),40,20.4,81.2,0.12,4.36,0.44,27.2,26.4,5.2,34.8,27.2,0.08,0.52
380,food2,,草對蝦(草蝦).jpg,草對蝦(草蝦),30,29.4,47.1,0.21,6.6,0.3,26.1,45,1.5,73.2,4.8,0.09,0.51
381,food2,,小卷.jpg,小卷,55,33.55,100.65,0.33,7.15,0.495,30.25,126.5,7.7,61.05,24.2,3.355,0.275
382,food2,,鹹小卷.jpg,鹹小卷,35,35,161,0.455,7.035,0.665,63,1488.2,42,176.75,60.55,0.245,0.7
383,food2,,蚵仔牡蠣(蚵仔).jpg,蚵仔牡蠣(蚵仔).jpg,65,50.05,33.15,1.04,6.955,3.185,154.05,235.3,16.25,68.25,39,4.29,4.615
384,food2,,小魚干.jpg,小魚干,10,33.5,66.9,0.44,6.92,0,73.8,175.3,221.3,83.7,20.9,0.68,0.64
385,food2,,文蛤(小).jpg,文蛤(小),60,41.4,33.6,0.42,6.84,2.58,79.2,281.4,78.6,91.8,28.2,7.74,0.72
386,food2,,文蜆.jpg,文蜆,35,30.45,19.25,0.49,3.115,3.43,19.95,7,20.3,47.95,4.9,0.84,0.525
387,food2,,章魚(小).jpg,章魚(小),55,33.55,100.65,0.33,7.15,0.495,30.25,126.5,7.7,61.05,24.2,3.355,0.275
388,food2,,蝦皮.jpg,蝦皮,20,31.4,85.2,0.26,6.72,0.54,93.6,854.6,276.2,134,56.6,1.26,0.34
389,food2,,瓜子鯧(肉鯽).jpg,瓜子鯧(肉鯽),35,54.6,22.75,3.08,6.265,0,53.9,100.1,3.15,45.15,4.9,0.105,0.14
390,food2,,鱈魚(生).jpg,鱈魚(生),50,83,11.5,5.75,7.35,-,164,46.5,3.5,107.5,13,0.1,0.15
391,food2,,鮭魚(生).jpg,鮭魚(生),35,80.5,21,5.635,6.93,0,58.45,11.2,0.7,69.65,8.75,0.175,0.175
392,food2,,秋刀魚(生).jpg,秋刀魚(生),35,109.9,15.05,9.065,6.58,-,82.6,19.25,3.85,63.7,8.05,0.315,0.14
393,food2,,黃豆.jpg,黃豆,20,78.8,0,3.26,7.06,6.64,314,4.4,34.2,79.2,42.4,1.48,0.68
394,food2,,毛豆.jpg,毛豆,50,62.5,0,1.55,7,6.25,310,0,19,94.5,31.5,1.25,0.9
395,food2,,豆皮.jpg,豆皮,15,57.75,0,4.86,2.88,0.735,20.55,0.15,43.8,55.2,8.85,0.375,0.285
396,food2,,麵腸.jpg,麵腸,40,54.4,0,0.76,8.24,3.88,13.2,18.8,2.4,30.8,15.6,0.8,0.56
397,food2,,炸豆包.jpg,炸豆包,40,154,0,12.96,7.68,1.96,54.8,0.4,116.8,147.2,23.6,1,0.76
398,food2,,麻油辣腐乳.jpg,麻油辣腐乳,30,28.5,0,1.05,2.7,2.1,37.2,1102.5,41.1,41.4,13.2,0.93,0.3
399,food2,,干絲.jpg,干絲,35,59.15,0,3.01,6.405,1.68,15.75,192.15,100.45,96.95,14.35,2.17,0.84
400,food2,,豆豉.jpg,豆豉,35,79.8,0,3.5,7.175,5.075,222.6,2347.1,50.4,61.95,30.45,4.27,0.805
401,food2,,小三角油豆腐.jpg,小三角油豆腐,55,75.9,0,5.005,6.985,0.825,107.8,0.55,118.8,119.9,31.35,1.375,0.77
402,food2,,黃豆干.jpg,黃豆干,70,112,0,6.02,12.18,2.45,116.2,81.2,479.5,172.9,39.2,3.15,1.12
403,food2,,小方豆干.jpg,小方豆干,40,64,0,3.44,6.96,1.4,66.4,46.4,274,98.8,22.4,1.8,0.64
404,food2,,傳統豆腐.jpg,傳統豆腐,80,70.4,0,2.72,6.8,4.8,144,1.6,112,88.8,26.4,1.6,0.64
405,food2,,嫩豆腐.jpg,嫩豆腐,140,71.4,0,3.78,6.86,2.8,231,44.8,18.2,102.2,50.4,1.82,0.7
406,food2,,素雞.jpg,素雞,40,90.8,-,4.84,9.92,2.04,189.6,118,41.6,112.4,37.2,1.8,0.88
407,food2,,素肚.jpg,素肚,40,90.8,-,4.84,9.92,2.04,189.6,118,41.6,112.4,37.2,1.8,0.88
408,food2,,麵筋(乾).jpg,麵筋(乾),20,127.6,0,10.32,8.88,0,1,1.2,5.4,5.6,2.4,0.44,0.36
409,food2,,雞蛋.jpg,雞蛋,55,78.1,238.15,5.445,6.655,0.165,67.65,74.25,16.5,101.75,6.05,0.99,0.66
410,food2,,鹹鴨蛋.jpg,鹹鴨蛋,65,114.4,334.1,7.995,8.385,2.34,82.55,1060.8,27.95,138.45,5.85,2.21,1.04
411,food2,,皮蛋.jpg,皮蛋,65,94.25,389.35,6.24,7.995,1.625,96.85,439.4,13.65,106.6,3.25,2.665,0.585
412,food2,,豬肉干.jpg,豬肉干,20,65.6,26,0.9,5.76,8.68,100.8,213.8,2.2,60,7.4,0.32,0.54
413,food2,,火腿.jpg,火腿,45,67.05,18,1.755,7.515,5.4,153,472.5,1.35,136.35,8.55,0.495,0.81
414,food2,,貢丸.jpg,貢丸湯,50,115.5,32.5,9.25,8.25,0,95,291,5,85.5,8,0.3,0.65
415,food2,,虱目魚丸.jpg,虱目魚丸,50,112.5,22,7.4,7.35,4.25,86,264,27,84.5,9.5,0.25,0.2
416,food2,,花枝丸.jpg,花枝丸,50,89,33.5,4.25,6.65,6.15,91,347.5,41.5,99,9.5,0.2,0.25
417,food2,,魚丸(包肉).jpg,魚丸(包肉),60,101.4,20.4,4.56,7.08,8.1,118.8,317.4,6,79.2,9,0.48,0.36
418,food2,,魚肉鬆.jpg,魚肉鬆,25,116.75,25,5.05,7.05,10.95,40.25,440.25,33.25,51.5,9.25,1,0.3
419,food2,,豬肉酥.jpg,豬肉酥,20,109.2,20.6,7.12,6.6,4.86,114.4,293.4,18,56.2,8.8,0.72,0.66
420,food2,,素火腿.jpg,素火腿,40,92.4,0,6.8,5.28,2.64,33.2,310,34.8,42,8.8,0.72,0.24
421,food2,,豆棗.jpg,豆棗,60,251.4,0,11.76,7.02,29.82,44.4,512.4,163.8,121.8,24.6,1.86,0.3
422,food2,,熱狗.jpg,熱狗,50,123,21,8.85,6.6,4.45,80,272,2,98.5,6,0.65,0.65
423,food2,,香腸.jpg,香腸,95,332.5,61.75,24.795,16.245,11.59,266.95,925.3,1.9,96.9,15.2,1.045,1.71
424,food2,,柴魚片.jpg,柴魚片,10,37.2,24,0.62,7.65,0.26,102.2,43.3,4.4,71.2,10.5,1.53,0.26
425,food2,,魚板.jpg,魚板,90,81.9,10.8,0.18,8.37,11.88,43.2,804.6,11.7,79.2,11.7,0.09,0.18
426,food2,,蟹味棒.jpg,蟹味棒,95,109.25,0,0.285,8.835,18.05,65.55,659.3,85.5,270.75,16.15,0.475,0.285
427,food2,,味增.jpg,味增,60,133.2,0,2.88,7.02,20.04,249.6,2268.6,31.8,93,40.2,1.32,0.78
428,food2,,里肌肉(切絲).jpg,里肌肉（切絲),35,39.9,21,0.98,7.245,1.015,142.8,13.65,0.7,78.05,11.2,0.455,0.84
429,food2,,豬肉塊(豬前腿肉).jpg,豬肉塊(豬前腿肉),35,43.4,21.35,1.505,7,0,135.45,18.9,1.05,87.15,8.05,0.455,1.155
430,food2,,雞里肌肉.jpg,雞里肌肉,35,35.7,17.15,0.14,8.05,0,113.4,19.95,0.35,75.25,9.8,0.105,0.175
431,food2,,虱目魚.jpg,虱目魚,35,70,13.3,4.165,7.63,0,74.55,33.6,5.6,85.4,12.6,0.245,0.315
432,food2,,鰹魚.jpg,鰹魚,35,52.15,22.4,1.96,8.085,0,142.8,17.5,2.8,161.35,12.25,0.875,0.14
433,food2,,吻仔魚.jpg,吻仔魚,35,15.05,29.4,0.21,3.08,-,17.15,96.25,8.05,85.4,18.2,0.245,0.315
434,food2,,肉鯽魚.jpg,肉鯽魚,35,54.6,22.75,3.08,6.265,0,53.9,100.1,3.15,45.15,4.9,0.105,0.14
435,food2,,白帶魚(瘦帶魚).jpg,白帶魚(瘦帶魚),30,30.6,20.7,0.6,5.88,0,87.3,16.2,1.5,56.4,4.8,0.06,0.12
436,food2,,竹筴魚.jpg,竹筴魚,35,36.75,32.55,0.56,7.42,0.14,127.75,31.5,47.6,112,12.95,0.7,0.315
437,food2,,紅目鰱.jpg,紅目鰱,35,32.55,18.9,0.21,7.21,-,114.1,41.65,2.45,63,10.15,0.105,0.105
438,food2,,烤清腿(肉雞).jpg,烤清腿(肉雞),35,47.4,26.4,2.13,5.94,0.745,280.35,289.3,0.75,53.95,7.2,0.225,0.495
439,food2,,滷清腿(肉雞).jpg,滷清腿(肉雞),45,61.7,35.2,2.84,7.79,0.745,126.85,300.1,0.95,70.45,9.1,0.265,0.655
440,food2,,滷雞腿.jpg,滷雞腿,45,61.7,35.2,2.84,7.79,0.745,126.85,300.1,0.95,70.45,9.1,0.265,0.655
441,food5,,豬油.jpg,豬油,5,44.4,5.1,4.97,0,0,0,0,0,0,0,0,0
442,food5,,雞油.jpg,雞油,5,44.5,3.45,4.985,0,0,0,0,0,0,0,0,0
443,food5,,青橄欖油.jpg,青橄欖油,5,44.15,0,4.995,0,0,0,0,0,0,0,0,0
444,food5,,沙拉油(大豆油).jpg,沙拉油(大豆油),5,44.15,0,4.995,0,0,0,0,0,0,0,0,0
445,food5,,花生油.jpg,花生油,5,44.15,0,4.995,0,0,0,0,0,0,0,0,0
446,food5,,棕櫚油(素清香).jpg,棕櫚油(素清香),5,44.15,0,4.995,0,0,0,0,0,0,0,0,0
447,food5,,沙拉醬.jpg,沙拉醬,10,63.9,3.4,6.57,0.19,1.14,10.8,98,1,3.4,0.3,0.05,0.07
448,food5,,花生.jpg,花生,8,44.24,0,3.456,2.288,1.808,43.68,52.88,7.36,31.12,18.4,2.36,0.344
449,food5,,南瓜子(白瓜子).jpg,南瓜子(白瓜子),8,48.24,0,3.768,2.264,1.408,47.2,29.6,3.2,78.48,35.52,0.976,0.624
450,food5,,腰果(生).jpg,腰果(生),7,42.21,0,3.297,1.981,1.232,41.3,25.9,2.8,68.67,31.08,0.854,0.546
451,food5,,酪梨.jpg,酪梨,30,17.4,0,0.21,0.33,4.05,57,1.2,2.4,8.1,4.5,0.12,0.09
452,food5,,開心果.jpg,開心果,7,45.71,0,3.864,1.47,1.344,68.53,30.17,7.28,27.79,6.02,0.259,0.182
453,food5,,腰果.jpg,腰果,8,47.6,0,3.488,1.408,2.744,49.44,0.96,3.68,40.64,17.68,0.456,0.416
454,food5,,杏仁.jpg,杏仁,7,44.73,0,3.661,1.708,1.344,42.7,9.45,9.31,37.66,17.5,0.343,0.301
455,food5,,花生醬.jpg,花生醬,8,50.64,0,4.08,1.92,1.664,50.72,32.88,0.56,37.36,15.68,0.192,0.2
456,food5,,培根.jpg,培根,8,50.64,0,4.08,1.92,1.664,50.72,32.88,0.56,37.36,15.68,0.192,0.2
457,food3,,涼拌茄子.jpg,涼拌茄子,100,25,,0.4,1.3,4.7,200,4,18,28,14,0.4,0.2
